{
    "pan_offset_x": 0.0,
    "pan_offset_y": 0.0,
    "pov": 12.199000358581543,
    "rotation_angle_x": -0.08000021427869797,
    "rotation_angle_y": 0.32499951124191284,
    "zoom_level": 1.17406165599823
}