{
    "pan_offset_x": 0.11895819008350372,
    "pan_offset_y": 0.18922939896583557,
    "pov": 57.560001373291016,
    "rotation_angle_x": 4.505041599273682,
    "rotation_angle_y": 0.42000651359558105,
    "zoom_level": 1.0721653699874878
}