{
    "pan_offset_x": 0.0,
    "pan_offset_y": 0.0,
    "pov": 66.08200073242188,
    "rotation_angle_x": 0.11999992281198502,
    "rotation_angle_y": -1.109999418258667,
    "zoom_level": 1.17406165599823
}